Date,Value
1-Jan-01,10.2
1-Feb-01,3.1
1-Mar-01,6.1
1-Apr-01,7.1
1-May-01,3.4
1-Jun-01,0
1-Jul-01,0.1
1-Aug-01,0.2
1-Sep-01,0.3
1-Oct-01,5.4
1-Nov-01,16.3
1-Dec-01,23.3
1-Jan-02,10.2
1-Feb-02,3.1
1-Mar-02,4.7
1-Apr-02,7.1
1-May-02,3.4
1-Jun-02,0
1-Jul-02,0.1
1-Aug-02,0.2
1-Sep-02,0.3
1-Oct-02,7.6
1-Nov-02,24.9
1-Dec-02,26
1-Jan-03,43.4
1-Feb-03,10.9
1-Mar-03,4.7
1-Apr-03,7.1
1-May-03,4.5
1-Jun-03,0
1-Jul-03,0.1
1-Aug-03,0.2
1-Sep-03,0.3
1-Oct-03,2.8
1-Nov-03,17.4
1-Dec-03,27.8
1-Jan-04,15.7
1-Feb-04,2.4
1-Mar-04,4.7
1-Apr-04,7.1
1-May-04,3.4
1-Jun-04,0
1-Jul-04,0.1
1-Aug-04,0.2
1-Sep-04,0.3
1-Oct-04,6.2
1-Nov-04,19.3
1-Dec-04,16.1
1-Jan-05,21.8
1-Feb-05,4.9
1-Mar-05,4.7
1-Apr-05,7.1
1-May-05,3.4
1-Jun-05,0
1-Jul-05,0.1
1-Aug-05,0.2
1-Sep-05,0.3
1-Oct-05,2.8
1-Nov-05,18
1-Dec-05,10.5
1-Jan-06,14.6
1-Feb-06,2.1
1-Mar-06,4
1-Apr-06,6.2
1-May-06,3
1-Jun-06,0
1-Jul-06,0.1
1-Aug-06,0.1
1-Sep-06,0.3
1-Oct-06,2.4
1-Nov-06,23.8
1-Dec-06,14.7
1-Jan-07,31.8
1-Feb-07,2.1
1-Mar-07,4
1-Apr-07,6.2
1-May-07,3
1-Jun-07,0
1-Jul-07,0.1
1-Aug-07,0.3
1-Sep-07,0.3
1-Oct-07,3.4
1-Nov-07,20.3
1-Dec-07,20.3
1-Jan-08,12.7
1-Feb-08,4
1-Mar-08,4
1-Apr-08,6.2
1-May-08,14.8
1-Jun-08,0
1-Jul-08,0.1
1-Aug-08,0.1
1-Sep-08,0.3
1-Oct-08,2.6
1-Nov-08,15.1
1-Dec-08,16.7
1-Jan-09,9.4
1-Feb-09,2.1
1-Mar-09,14.4
1-Apr-09,6.2
1-May-09,3
1-Jun-09,0
1-Jul-09,0.1
1-Aug-09,0.1
1-Sep-09,0.3
1-Oct-09,2.5
1-Nov-09,19.1
1-Dec-09,13.1
1-Jan-10,11
1-Feb-10,2.1
1-Mar-10,4
1-Apr-10,6.2
1-May-10,3
1-Jun-10,0
1-Jul-10,0.1
1-Aug-10,0.1
1-Sep-10,0.3
1-Oct-10,3
1-Nov-10,16
1-Dec-10,10
1-Jan-11,8.9
1-Feb-11,7.1
1-Mar-11,4
1-Apr-11,6.2
1-May-11,3
1-Jun-11,0
1-Jul-11,0.3
1-Aug-11,0.1
1-Sep-11,0.3
1-Oct-11,4.8
1-Nov-11,34.5
1-Dec-11,15.3
1-Jan-12,23.4
1-Feb-12,8.3
1-Mar-12,12
1-Apr-12,6.2
1-May-12,3
1-Jun-12,0
1-Jul-12,0.1
1-Aug-12,0.3
1-Sep-12,0.3
1-Oct-12,3.7
1-Nov-12,21.1
1-Dec-12,40.9
1-Jan-13,15
1-Feb-13,5.6
1-Mar-13,15.7
1-Apr-13,7.5
1-May-13,4.8
1-Jun-13,0
1-Jul-13,0.1
1-Aug-13,0.1
1-Sep-13,0.3
1-Oct-13,2.4
1-Nov-13,15.8
1-Dec-13,25.5
1-Jan-14,23.2
1-Feb-14,3.8
1-Mar-14,5.6
1-Apr-14,6.2
1-May-14,3
1-Jun-14,0
1-Jul-14,0.1
1-Aug-14,0.2
1-Sep-14,0.3
1-Oct-14,3.4
1-Nov-14,16.7
1-Dec-14,21.1
1-Jan-15,22.3
1-Feb-15,7.5
1-Mar-15,4
1-Apr-15,6.2
1-May-15,3
1-Jun-15,0
1-Jul-15,0.1
1-Aug-15,0.1
1-Sep-15,0.3
1-Oct-15,2.5
1-Nov-15,15.7
1-Dec-15,15.4
1-Jan-16,10.8
1-Feb-16,3.8
1-Mar-16,4
1-Apr-16,6.2
1-May-16,3
1-Jun-16,0
1-Jul-16,0.1
1-Aug-16,0.3
1-Sep-16,0.3
1-Oct-16,2.4
1-Nov-16,33.9
1-Dec-16,19.9
1-Jan-17,14
1-Feb-17,7.7
1-Mar-17,4
1-Apr-17,27.4
1-May-17,3
1-Jun-17,0
1-Jul-17,0.1
1-Aug-17,0.1
1-Sep-17,0.3
1-Oct-17,5.1
1-Nov-17,13.3
1-Dec-17,18.1
1-Jan-18,21.4
1-Feb-18,3.9
1-Mar-18,4
1-Apr-18,6.2
1-May-18,5.2
1-Jun-18,0
1-Jul-18,0.1
1-Aug-18,0.2
1-Sep-18,0.3
1-Oct-18,5.8
1-Nov-18,20.5
1-Dec-18,15
1-Jan-19,25
1-Feb-19,2.7
1-Mar-19,4
1-Apr-19,6.2
1-May-19,3
1-Jun-19,0
1-Jul-19,0.1
1-Aug-19,0.1
1-Sep-19,0.3
1-Oct-19,2.5
1-Nov-19,14.7
1-Dec-19,12.9
1-Jan-20,16.4
1-Feb-20,2.1
1-Mar-20,22.9
1-Apr-20,11.9
1-May-20,6
1-Jun-20,0
1-Jul-20,0.1
1-Aug-20,0.3
1-Sep-20,0.3
1-Oct-20,2.4
1-Nov-20,16.3
1-Dec-20,23.5
1-Jan-21,12.7
1-Feb-21,11.1
1-Mar-21,4
1-Apr-21,6.2
1-May-21,6.3
1-Jun-21,0
1-Jul-21,0.1
1-Aug-21,0.2
1-Sep-21,0.3
1-Oct-21,2.9
1-Nov-21,22.3
1-Dec-21,14.2
1-Jan-22,17.9
1-Feb-22,2.5
1-Mar-22,5.7
1-Apr-22,12.9
1-May-22,4.3
1-Jun-22,0
1-Jul-22,0.1
1-Aug-22,0.2
1-Sep-22,0.3
1-Oct-22,3.5
1-Nov-22,14.3
1-Dec-22,15.6
1-Jan-23,11
1-Feb-23,2.3
1-Mar-23,11.3
1-Apr-23,6.2
1-May-23,3
1-Jun-23,0
1-Jul-23,0.2
1-Aug-23,0.3
1-Sep-23,0.3
1-Oct-23,2.9
1-Nov-23,24.8
1-Dec-23,30.2
1-Jan-24,17
1-Feb-24,2.1
1-Mar-24,4
1-Apr-24,6.2
1-May-24,3
1-Jun-24,0
1-Jul-24,0.1
1-Aug-24,0.1
1-Sep-24,0.3
1-Oct-24,6.7
1-Nov-24,24.5
1-Dec-24,14.4
1-Jan-25,14.3
1-Feb-25,2.5
1-Mar-25,4
1-Apr-25,6.2
1-May-25,3
1-Jun-25,0
1-Jul-25,0.1
1-Aug-25,0.3
1-Sep-25,0.3
1-Oct-25,3.6
1-Nov-25,27.3
1-Dec-25,14.3
1-Jan-26,12.1
1-Feb-26,2.7
1-Mar-26,4
1-Apr-26,6.2
1-May-26,8
1-Jun-26,0
1-Jul-26,0.1
1-Aug-26,0.2
1-Sep-26,0.3
1-Oct-26,4.2
1-Nov-26,15.3
1-Dec-26,15.3
1-Jan-27,17.5
1-Feb-27,2.2
1-Mar-27,4
1-Apr-27,6.2
1-May-27,3
1-Jun-27,0
1-Jul-27,0.1
1-Aug-27,0.1
1-Sep-27,0.3
1-Oct-27,2.7
1-Nov-27,15.4
1-Dec-27,19.6
1-Jan-28,19.5
1-Feb-28,3.8
1-Mar-28,4.8
1-Apr-28,6.2
1-May-28,3
1-Jun-28,0
1-Jul-28,0.1
1-Aug-28,0.2
1-Sep-28,0.3
1-Oct-28,3.3
1-Nov-28,19.1
1-Dec-28,14.3
1-Jan-29,19.8
1-Feb-29,2.1
1-Mar-29,4
1-Apr-29,46.4
1-May-29,3
1-Jun-29,0
1-Jul-29,0.1
1-Aug-29,0.1
1-Sep-29,0.3
1-Oct-29,2.5
1-Nov-29,15.4
1-Dec-29,12.9
1-Jan-30,9.3
1-Feb-30,2.4
1-Mar-30,4
1-Apr-30,6.2
1-May-30,3
1-Jun-30,0
1-Jul-30,0.1
1-Aug-30,0.3
1-Sep-30,0.3
1-Oct-30,3.7
1-Nov-30,15.4
1-Dec-30,9.5
1-Jan-31,12.3
1-Feb-31,4.5
1-Mar-31,4.8
1-Apr-31,9.3
1-May-31,3
1-Jun-31,0
1-Jul-31,0.1
1-Aug-31,0.2
1-Sep-31,0.3
1-Oct-31,2.6
1-Nov-31,21.8
1-Dec-31,18.1
1-Jan-32,17.9
1-Feb-32,3.6
1-Mar-32,4
1-Apr-32,6.2
1-May-32,3.6
1-Jun-32,0
1-Jul-32,0.1
1-Aug-32,0.3
1-Sep-32,0.3
1-Oct-32,2.4
1-Nov-32,18.8
1-Dec-32,14
1-Jan-33,28.2
1-Feb-33,2.1
1-Mar-33,5.7
1-Apr-33,6.2
1-May-33,6.7
1-Jun-33,0
1-Jul-33,0.1
1-Aug-33,0.2
1-Sep-33,0.3
1-Oct-33,5.1
1-Nov-33,22.9
1-Dec-33,15.3
1-Jan-34,13.4
1-Feb-34,9.4
1-Mar-34,4
1-Apr-34,9.3
1-May-34,3
1-Jun-34,0
1-Jul-34,0.1
1-Aug-34,0.1
1-Sep-34,0.3
1-Oct-34,2.4
1-Nov-34,23.3
1-Dec-34,14.8
1-Jan-35,16.8
1-Feb-35,2.3
1-Mar-35,5
1-Apr-35,6.4
1-May-35,8.9
1-Jun-35,0
1-Jul-35,0.1
1-Aug-35,0.1
1-Sep-35,0.3
1-Oct-35,2.5
1-Nov-35,21.6
1-Dec-35,22.2
1-Jan-36,13
1-Feb-36,2.2
1-Mar-36,4
1-Apr-36,12.9
1-May-36,11.1
1-Jun-36,0
1-Jul-36,0.1
1-Aug-36,0.5
1-Sep-36,0.3
1-Oct-36,4.4
1-Nov-36,14.1
1-Dec-36,12.7
1-Jan-37,33.4
1-Feb-37,2.2
1-Mar-37,4
1-Apr-37,6.2
1-May-37,3
1-Jun-37,0
1-Jul-37,0.1
1-Aug-37,0.3
1-Sep-37,0.3
1-Oct-37,3.5
1-Nov-37,16.1
1-Dec-37,12.5
1-Jan-38,9.9
1-Feb-38,7.9
1-Mar-38,4
1-Apr-38,6.2
1-May-38,3
1-Jun-38,0
1-Jul-38,0.1
1-Aug-38,0.2
1-Sep-38,0.3
1-Oct-38,3.3
1-Nov-38,25
1-Dec-38,17.7
1-Jan-39,14.4
1-Feb-39,2.4
1-Mar-39,5.9
1-Apr-39,9.3
1-May-39,3
1-Jun-39,0
1-Jul-39,0.1
1-Aug-39,0.1
1-Sep-39,0.3
1-Oct-39,2.7
1-Nov-39,20
1-Dec-39,18.9
1-Jan-40,12.6
1-Feb-40,2.3
1-Mar-40,10.3
1-Apr-40,6.2
1-May-40,5.7
1-Jun-40,0
1-Jul-40,0.1
1-Aug-40,0.1
1-Sep-40,0.3
1-Oct-40,3
1-Nov-40,19.8
1-Dec-40,14.7
1-Jan-41,10.5
1-Feb-41,2.1
1-Mar-41,5.9
1-Apr-41,6.2
1-May-41,5.3
1-Jun-41,0
1-Jul-41,0.1
1-Aug-41,0.1
1-Sep-41,0.3
1-Oct-41,5.4
1-Nov-41,25
1-Dec-41,10.5
1-Jan-42,9.1
1-Feb-42,9.4
1-Mar-42,4
1-Apr-42,6.8
1-May-42,3
1-Jun-42,0
1-Jul-42,0.3
1-Aug-42,0.1
1-Sep-42,0.3
1-Oct-42,2.6
1-Nov-42,17.5
1-Dec-42,11.4
1-Jan-43,9.4
1-Feb-43,3
1-Mar-43,4
1-Apr-43,6.2
1-May-43,3
1-Jun-43,0
1-Jul-43,0.3
1-Aug-43,0.1
1-Sep-43,0.2
1-Oct-43,5.4
1-Nov-43,21.8
1-Dec-43,22.1
1-Jan-44,15.3
1-Feb-44,2.3
1-Mar-44,4
1-Apr-44,7.4
1-May-44,4.9
1-Jun-44,0
1-Jul-44,0.1
1-Aug-44,0.1
1-Sep-44,0.2
1-Oct-44,2.4
1-Nov-44,27.6
1-Dec-44,11.4
1-Jan-45,15.2
1-Feb-45,3.9
1-Mar-45,8.9
1-Apr-45,8.3
1-May-45,4.7
1-Jun-45,0
1-Jul-45,0.1
1-Aug-45,0.4
1-Sep-45,0.2
1-Oct-45,3.8
1-Nov-45,25
1-Dec-45,11.2
1-Jan-46,15
1-Feb-46,4.4
1-Mar-46,22.1
1-Apr-46,16.7
1-May-46,3
1-Jun-46,0
1-Jul-46,0.1
1-Aug-46,0.2
1-Sep-46,0.2
1-Oct-46,3.1
1-Nov-46,31.4
1-Dec-46,14.8
1-Jan-47,14.8
1-Feb-47,2.3
1-Mar-47,4
1-Apr-47,6.2
1-May-47,3
1-Jun-47,0
1-Jul-47,0.1
1-Aug-47,0.1
1-Sep-47,1
1-Oct-47,2.5
1-Nov-47,35.6
1-Dec-47,15.6
1-Jan-48,32.4
1-Feb-48,2.2
1-Mar-48,4
1-Apr-48,17
1-May-48,3
1-Jun-48,0
1-Jul-48,0.1
1-Aug-48,0.3
1-Sep-48,0.2
1-Oct-48,3.3
1-Nov-48,14.2
1-Dec-48,11.2
1-Jan-49,11
1-Feb-49,3.8
1-Mar-49,4
1-Apr-49,6.2
1-May-49,3.7
1-Jun-49,0
1-Jul-49,0.1
1-Aug-49,0.2
1-Sep-49,0.2
1-Oct-49,2.4
1-Nov-49,24.6
1-Dec-49,21.2
1-Jan-50,10
1-Feb-50,2.2
1-Mar-50,4
1-Apr-50,18.1
1-May-50,3
1-Jun-50,0
1-Jul-50,0.2
1-Aug-50,0.2
1-Sep-50,0.2
1-Oct-50,2.4
1-Nov-50,13.9
1-Dec-50,14
1-Jan-51,10.6
1-Feb-51,2.3
1-Mar-51,4
1-Apr-51,6.2
1-May-51,3.7
1-Jun-51,0
1-Jul-51,0.1
1-Aug-51,0.1
1-Sep-51,0.2
1-Oct-51,3.6
1-Nov-51,27.7
1-Dec-51,11.5
1-Jan-52,10.8
1-Feb-52,2.1
1-Mar-52,4
1-Apr-52,0
1-May-52,4.5
1-Jun-52,0
1-Jul-52,0.1
1-Aug-52,0.4
1-Sep-52,0.2
1-Oct-52,2.7
1-Nov-52,17.2
1-Dec-52,19.3
1-Jan-53,9.5
1-Feb-53,2.1
1-Mar-53,0
1-Apr-53,2.1
1-May-53,5.1
1-Jun-53,0
1-Jul-53,0.1
1-Aug-53,0.3
1-Sep-53,0.2
1-Oct-53,4
1-Nov-53,18.5
1-Dec-53,9.3
1-Jan-54,9.1
1-Feb-54,2.1
1-Mar-54,1.1
1-Apr-54,0
1-May-54,3
1-Jun-54,0
1-Jul-54,0.1
1-Aug-54,0.3
1-Sep-54,0.3
1-Oct-54,2.9
1-Nov-54,15.1
1-Dec-54,11.5
1-Jan-55,10.2
1-Feb-55,2.3
1-Mar-55,7.3
1-Apr-55,0
1-May-55,3
1-Jun-55,0
1-Jul-55,0.1
1-Aug-55,0.1
1-Sep-55,0.2
1-Oct-55,2.6
1-Nov-55,26.3
1-Dec-55,13.3
1-Jan-56,9.9
1-Feb-56,2.1
1-Mar-56,0
1-Apr-56,7.1
1-May-56,3
1-Jun-56,0
1-Jul-56,0.1
1-Aug-56,0.2
1-Sep-56,0.3
1-Oct-56,2.4
1-Nov-56,17.3
1-Dec-56,20
1-Jan-57,10.6
1-Feb-57,5.3
1-Mar-57,0
1-Apr-57,7.5
1-May-57,6.4
1-Jun-57,0
1-Jul-57,0.1
1-Aug-57,0.2
1-Sep-57,0.2
1-Oct-57,2.6
1-Nov-57,25.2
1-Dec-57,13.4
1-Jan-58,10.7
1-Feb-58,2.1
1-Mar-58,0
1-Apr-58,0
1-May-58,3
1-Jun-58,0
1-Jul-58,0.1
1-Aug-58,0.1
1-Sep-58,0.2
1-Oct-58,3.4
1-Nov-58,23.8
1-Dec-58,15.3
1-Jan-59,10.5
1-Feb-59,2.3
1-Mar-59,1
1-Apr-59,0
1-May-59,3
1-Jun-59,0
1-Jul-59,0.1
1-Aug-59,0.1
1-Sep-59,0.2
1-Oct-59,2.5
1-Nov-59,18.4
1-Dec-59,30.3
1-Jan-60,10
1-Feb-60,2.3
1-Mar-60,2.8
1-Apr-60,0
1-May-60,4.1
1-Jun-60,0
1-Jul-60,0.1
1-Aug-60,0.1
1-Sep-60,0.2
1-Oct-60,2.7
1-Nov-60,20.6
1-Dec-60,10.1
1-Jan-61,14.8
1-Feb-61,2.5
1-Mar-61,0
1-Apr-61,4.3
1-May-61,4.1
1-Jun-61,0
1-Jul-61,0.2
1-Aug-61,0.3
1-Sep-61,0.2
1-Oct-61,2.6
1-Nov-61,27.1
1-Dec-61,20.6
1-Jan-62,11.4
1-Feb-62,2.1
1-Mar-62,0
1-Apr-62,0
1-May-62,3
1-Jun-62,0
1-Jul-62,0.1
1-Aug-62,0.2
1-Sep-62,0.2
1-Oct-62,2.4
1-Nov-62,38.6
1-Dec-62,23.1
1-Jan-63,17.5
1-Feb-63,4.4
1-Mar-63,0
1-Apr-63,6.7
1-May-63,4
1-Jun-63,0
1-Jul-63,0.1
1-Aug-63,0.1
1-Sep-63,0.2
1-Oct-63,2.4
1-Nov-63,24.6
1-Dec-63,13.6
1-Jan-64,9
1-Feb-64,2.1
1-Mar-64,0.6
1-Apr-64,17.3
1-May-64,3
1-Jun-64,0
1-Jul-64,0.1
1-Aug-64,0.4
1-Sep-64,0.2
1-Oct-64,2.4
1-Nov-64,14.4
1-Dec-64,27
1-Jan-65,9.1
1-Feb-65,2.1
1-Mar-65,14.4
1-Apr-65,1.3
1-May-65,3
1-Jun-65,0
1-Jul-65,0.1
1-Aug-65,0.3
1-Sep-65,0.2
1-Oct-65,4.4
1-Nov-65,30.1
1-Dec-65,11.3
1-Jan-66,9.4
1-Feb-66,3.4
1-Mar-66,2.4
1-Apr-66,0.6
1-May-66,3
1-Jun-66,0
1-Jul-66,0.1
1-Aug-66,0.2
1-Sep-66,0.2
1-Oct-66,6.1
1-Nov-66,30.6
1-Dec-66,15.5
1-Jan-67,9.8
1-Feb-67,2.1
1-Mar-67,0.5
1-Apr-67,0
1-May-67,3
1-Jun-67,0
1-Jul-67,0.1
1-Aug-67,0.3
1-Sep-67,0.2
1-Oct-67,4.6
1-Nov-67,18.1
1-Dec-67,12.2
1-Jan-68,9.5
1-Feb-68,5.9
1-Mar-68,0
1-Apr-68,37.7
1-May-68,7.2
1-Jun-68,0
1-Jul-68,0.2
1-Aug-68,0.2
1-Sep-68,0.2
1-Oct-68,2.5
1-Nov-68,26.1
1-Dec-68,9.9
1-Jan-69,10.9
1-Feb-69,4.8
1-Mar-69,0
1-Apr-69,0.8
1-May-69,3
1-Jun-69,0
1-Jul-69,0.1
1-Aug-69,0.2
1-Sep-69,0.4
1-Oct-69,3.3
1-Nov-69,17.1
1-Dec-69,13.2
1-Jan-70,10.4
1-Feb-70,4.2
1-Mar-70,0
1-Apr-70,0
1-May-70,3
1-Jun-70,0
1-Jul-70,0.2
1-Aug-70,0.1
1-Sep-70,0.2
1-Oct-70,2.4
1-Nov-70,14.5
1-Dec-70,16.8
1-Jan-71,22
1-Feb-71,3.5
1-Mar-71,2.9
1-Apr-71,2.5
1-May-71,3.5
1-Jun-71,0
1-Jul-71,0.1
1-Aug-71,0.1
1-Sep-71,1
1-Oct-71,3.6
1-Nov-71,17.8
1-Dec-71,9.6
1-Jan-72,14
1-Feb-72,2.2
1-Mar-72,0
1-Apr-72,10.2
1-May-72,3.1
1-Jun-72,0
1-Jul-72,0.1
1-Aug-72,0.1
1-Sep-72,0.2
1-Oct-72,6
1-Nov-72,14.3
1-Dec-72,9.6
1-Jan-73,9.2
1-Feb-73,2.5
1-Mar-73,4
1-Apr-73,6.2
1-May-73,3
1-Jun-73,0
1-Jul-73,0.1
1-Aug-73,0.1
1-Sep-73,0.2
1-Oct-73,2.4
1-Nov-73,14.6
1-Dec-73,11.1
1-Jan-74,14.7
1-Feb-74,2.1
1-Mar-74,29.1
1-Apr-74,0
1-May-74,7.1
1-Jun-74,0
1-Jul-74,0.1
1-Aug-74,0.1
1-Sep-74,0.2
1-Oct-74,2.4
1-Nov-74,14
1-Dec-74,12.3
1-Jan-75,9
1-Feb-75,2.1
1-Mar-75,0.8
1-Apr-75,33.7
1-May-75,3
1-Jun-75,0
1-Jul-75,0.1
1-Aug-75,0.3
1-Sep-75,0.2
1-Oct-75,2.5
1-Nov-75,18.5
1-Dec-75,10.4
1-Jan-76,9.1
1-Feb-76,2.7
1-Mar-76,1
1-Apr-76,0.2
1-May-76,3.2
1-Jun-76,0
1-Jul-76,0.1
1-Aug-76,0.1
1-Sep-76,0.2
1-Oct-76,5.3
1-Nov-76,30.3
1-Dec-76,10.2
1-Jan-77,8.9
1-Feb-77,2.1
1-Mar-77,4
1-Apr-77,6.2
1-May-77,3
1-Jun-77,0
1-Jul-77,0.1
1-Aug-77,0.3
1-Sep-77,0.2
1-Oct-77,3.9
1-Nov-77,13.9
1-Dec-77,12.7
1-Jan-78,9.2
1-Feb-78,2.1
1-Mar-78,4.4
1-Apr-78,6.3
1-May-78,3
1-Jun-78,0
1-Jul-78,0.1
1-Aug-78,0.3
1-Sep-78,0.2
1-Oct-78,2.4
1-Nov-78,14.2
1-Dec-78,21.2
1-Jan-79,23.1
1-Feb-79,4.2
1-Mar-79,4
1-Apr-79,16.2
1-May-79,8.9
1-Jun-79,0
1-Jul-79,0.1
1-Aug-79,0.6
1-Sep-79,0.3
1-Oct-79,6.6
1-Nov-79,16.2
1-Dec-79,9.2
1-Jan-80,9.2
1-Feb-80,2.4
1-Mar-80,4.1
1-Apr-80,6.2
1-May-80,4.3
1-Jun-80,0
1-Jul-80,0.1
1-Aug-80,0.1
1-Sep-80,0.2
1-Oct-80,2.4
1-Nov-80,15.2
1-Dec-80,11.8
1-Jan-81,10.4
1-Feb-81,2.9
1-Mar-81,4.8
1-Apr-81,0
1-May-81,3.9
1-Jun-81,0
1-Jul-81,0.1
1-Aug-81,0.2
1-Sep-81,0.2
1-Oct-81,4.1
1-Nov-81,16.3
1-Dec-81,15.1
1-Jan-82,9.2
1-Feb-82,2.1
1-Mar-82,5.3
1-Apr-82,12
1-May-82,4.7
1-Jun-82,0
1-Jul-82,0.1
1-Aug-82,0.2
1-Sep-82,0.2
1-Oct-82,5.6
1-Nov-82,22.8
1-Dec-82,9.6
1-Jan-83,9
1-Feb-83,2.7
1-Mar-83,4
1-Apr-83,25.1
1-May-83,3
1-Jun-83,0
1-Jul-83,0.1
1-Aug-83,0.1
1-Sep-83,0.2
1-Oct-83,2.4
1-Nov-83,17.7
1-Dec-83,9.1
1-Jan-84,10.5
1-Feb-84,3.7
1-Mar-84,0
1-Apr-84,2
1-May-84,3
1-Jun-84,0
1-Jul-84,0.1
1-Aug-84,0.1
1-Sep-84,0.2
1-Oct-84,3.5
1-Nov-84,22
1-Dec-84,14.9
1-Jan-85,15.8
1-Feb-85,2.1
1-Mar-85,4
1-Apr-85,8.2
1-May-85,5.7
1-Jun-85,0
1-Jul-85,0.1
1-Aug-85,0.1
1-Sep-85,0.2
1-Oct-85,3.7
1-Nov-85,30.2
1-Dec-85,21.2
1-Jan-86,30.8
1-Feb-86,3.4
1-Mar-86,4.9
1-Apr-86,1.3
1-May-86,3
1-Jun-86,0
1-Jul-86,0.1
1-Aug-86,0.1
1-Sep-86,0.2
1-Oct-86,3
1-Nov-86,14.7
1-Dec-86,10
1-Jan-87,19.9
1-Feb-87,2.1
1-Mar-87,30.9
1-Apr-87,0
1-May-87,4.5
1-Jun-87,0
1-Jul-87,0.1
1-Aug-87,0.1
1-Sep-87,0.2
1-Oct-87,5.1
1-Nov-87,13.7
1-Dec-87,14.5
1-Jan-88,10.3
1-Feb-88,2.1
1-Mar-88,0
1-Apr-88,0.4
1-May-88,3
1-Jun-88,0
1-Jul-88,0.1
1-Aug-88,0.1
1-Sep-88,1.3
1-Oct-88,4
1-Nov-88,14.6
1-Dec-88,9.3
1-Jan-89,9.3
1-Feb-89,3.3
1-Mar-89,2.8
1-Apr-89,36.4
1-May-89,3.1
1-Jun-89,0
1-Jul-89,0.1
1-Aug-89,0.1
1-Sep-89,0.2
1-Oct-89,5
1-Nov-89,17.9
1-Dec-89,13.6
1-Jan-90,9.9
1-Feb-90,2.1
1-Mar-90,5
1-Apr-90,12.6
1-May-90,3
1-Jun-90,0
1-Jul-90,0.1
1-Aug-90,0.1
1-Sep-90,0.3
1-Oct-90,5
1-Nov-90,22.7
1-Dec-90,10.6
1-Jan-91,11.9
1-Feb-91,3.1
1-Mar-91,21.2
1-Apr-91,1.1
1-May-91,3
1-Jun-91,0
1-Jul-91,0.1
1-Aug-91,0.1
1-Sep-91,0.3
1-Oct-91,5.9
1-Nov-91,18.8
1-Dec-91,9.1
1-Jan-92,15.7
1-Feb-92,2.1
1-Mar-92,4.7
1-Apr-92,1.9
1-May-92,3
1-Jun-92,0
1-Jul-92,0.1
1-Aug-92,0.4
1-Sep-92,0.3
1-Oct-92,5.2
1-Nov-92,31.1
1-Dec-92,10.7
1-Jan-93,9.2
1-Feb-93,2.8
1-Mar-93,7
1-Apr-93,5.8
1-May-93,5.9
1-Jun-93,0
1-Jul-93,0.1
1-Aug-93,0.1
1-Sep-93,0.3
1-Oct-93,8
1-Nov-93,15.6
1-Dec-93,11.7
1-Jan-94,17.2
1-Feb-94,2.1
1-Mar-94,0
1-Apr-94,0
1-May-94,14.8
1-Jun-94,0
1-Jul-94,0.1
1-Aug-94,0.1
1-Sep-94,0.3
1-Oct-94,3.1
1-Nov-94,16.6
1-Dec-94,14.5
1-Jan-95,36.4
1-Feb-95,2.8
1-Mar-95,27.7
1-Apr-95,0
1-May-95,3.1
1-Jun-95,0
1-Jul-95,0.1
1-Aug-95,0.1
1-Sep-95,0.3
1-Oct-95,4
1-Nov-95,24.9
1-Dec-95,9.1
1-Jan-96,11
1-Feb-96,2.1
1-Mar-96,0
1-Apr-96,0
1-May-96,5.9
1-Jun-96,0
1-Jul-96,0.1
1-Aug-96,0.1
1-Sep-96,0.3
1-Oct-96,2.5
1-Nov-96,20.5
1-Dec-96,14.2
1-Jan-97,48.7
1-Feb-97,2.1
1-Mar-97,0.7
1-Apr-97,0
1-May-97,5.2
1-Jun-97,0
1-Jul-97,0.1
1-Aug-97,0.1
1-Sep-97,0.3
1-Oct-97,3.7
1-Nov-97,27
1-Dec-97,14.2
1-Jan-98,14
1-Feb-98,2.6
1-Mar-98,6.8
1-Apr-98,4.1
1-May-98,6.4
1-Jun-98,0
1-Jul-98,0.3
1-Aug-98,0.4
1-Sep-98,0.3
1-Oct-98,2.6
1-Nov-98,13.3
1-Dec-98,9.5
1-Jan-99,20.3
1-Feb-99,2.1
1-Mar-99,20.1
1-Apr-99,25.9
1-May-99,5.9
1-Jun-99,0
1-Jul-99,0.1
1-Aug-99,0.5
1-Sep-99,0.3
1-Oct-99,3.8
1-Nov-99,15.4
1-Dec-99,20
1-Jan-00,11.3
1-Feb-00,2.6
1-Mar-00,0
1-Apr-00,14.8
1-May-00,3
1-Jun-00,0
1-Jul-00,0.1
1-Aug-00,0.1
1-Sep-00,0.3
1-Oct-00,4.7
1-Nov-00,35.9
1-Dec-00,11.6
1-Jan-01,8.9
1-Feb-01,2.1
1-Mar-01,4.7
1-Apr-01,0
1-May-01,3
1-Jun-01,0
1-Jul-01,0.1
1-Aug-01,0.1
1-Sep-01,0.3
1-Oct-01,2.4
1-Nov-01,18.6
1-Dec-01,29.6
1-Jan-02,8.9
1-Feb-02,3.1
1-Mar-02,52
1-Apr-02,0.2
1-May-02,3
1-Jun-02,0
1-Jul-02,0.1
1-Aug-02,0.1
1-Sep-02,0.3
1-Oct-02,2.4
1-Nov-02,29
1-Dec-02,9.1
1-Jan-03,8.9
1-Feb-03,2.1
1-Mar-03,0
1-Apr-03,6.2
1-May-03,5
1-Jun-03,0
1-Jul-03,0.1
1-Aug-03,0.1
1-Sep-03,0.3
1-Oct-03,2.4
1-Nov-03,17.9
1-Dec-03,9.5
1-Jan-04,10.7
1-Feb-04,2.1
1-Mar-04,0.1
1-Apr-04,6.3
1-May-04,3
1-Jun-04,0
1-Jul-04,0.1
1-Aug-04,0.1
1-Sep-04,0.3
1-Oct-04,3.1
1-Nov-04,13.8
1-Dec-04,29.5
1-Jan-05,10.4
1-Feb-05,2.1
1-Mar-05,0
1-Apr-05,14.3
1-May-05,3.1
1-Jun-05,0
1-Jul-05,0.2
1-Aug-05,0.2
1-Sep-05,0.3
1-Oct-05,2.4
1-Nov-05,13.3
1-Dec-05,9.9
1-Jan-06,8.9
1-Feb-06,3.5
1-Mar-06,0
1-Apr-06,6.2
1-May-06,4.7
1-Jun-06,0
1-Jul-06,0.1
1-Aug-06,0.2
1-Sep-06,0.3
1-Oct-06,8.4
1-Nov-06,15.6
1-Dec-06,9.1
1-Jan-07,8.9
1-Feb-07,2.1
1-Mar-07,0
1-Apr-07,6.2
1-May-07,3
1-Jun-07,0
1-Jul-07,0.2
1-Aug-07,0.4
1-Sep-07,0.3
1-Oct-07,2.4
1-Nov-07,13.4
1-Dec-07,9.1
1-Jan-08,11
1-Feb-08,2.3
1-Mar-08,0
1-Apr-08,0.7
1-May-08,3
1-Jun-08,0
1-Jul-08,0.1
1-Aug-08,0.1
1-Sep-08,0.3
1-Oct-08,2.4
1-Nov-08,23.8
1-Dec-08,9.5
1-Jan-09,11
1-Feb-09,2.8
1-Mar-09,0
1-Apr-09,0
1-May-09,3.3
1-Jun-09,0
1-Jul-09,0.1
1-Aug-09,0.1
1-Sep-09,0.3
1-Oct-09,2.4
1-Nov-09,13.5
1-Dec-09,13.3
1-Jan-10,11.4
1-Feb-10,2.1
1-Mar-10,1.5
1-Apr-10,4.6
1-May-10,3
1-Jun-10,0
1-Jul-10,0.1
1-Aug-10,0.5
1-Sep-10,0.3
1-Oct-10,2.4
1-Nov-10,14.3
1-Dec-10,18.9
1-Jan-11,16.2
1-Feb-11,2.1
1-Mar-11,23.2
1-Apr-11,0
1-May-11,3
1-Jun-11,0
1-Jul-11,0.1
1-Aug-11,0.1
1-Sep-11,0.3
1-Oct-11,3.7
1-Nov-11,20.1
1-Dec-11,13.7
1-Jan-12,12
1-Feb-12,2.1
1-Mar-12,0
1-Apr-12,18.7
1-May-12,3
1-Jun-12,0
1-Jul-12,0.1
1-Aug-12,0.1
1-Sep-12,0.3
1-Oct-12,5.2
1-Nov-12,13.3
1-Dec-12,14.7
1-Jan-13,14.9
1-Feb-13,2.1
1-Mar-13,0
1-Apr-13,2.4
1-May-13,3
1-Jun-13,0
1-Jul-13,0.1
1-Aug-13,0.7
1-Sep-13,0.3
1-Oct-13,5.9
1-Nov-13,13.3
1-Dec-13,20
1-Jan-14,13.4
1-Feb-14,2.1
1-Mar-14,0
1-Apr-14,9
1-May-14,4.2
1-Jun-14,0
1-Jul-14,0.2
1-Aug-14,0.1
1-Sep-14,0.3
1-Oct-14,2.8
1-Nov-14,18.3
1-Dec-14,11.6
1-Jan-15,8.9
1-Feb-15,2.1
1-Mar-15,0
1-Apr-15,0
1-May-15,3
1-Jun-15,0
1-Jul-15,0.1
1-Aug-15,0.1
1-Sep-15,0.3
1-Oct-15,3.5
1-Nov-15,16.1
1-Dec-15,25.2
1-Jan-16,11.3
1-Feb-16,2.1
1-Mar-16,0
1-Apr-16,32.4
1-May-16,3
1-Jun-16,0
1-Jul-16,0.1
1-Aug-16,0.1
1-Sep-16,0.3
1-Oct-16,2.4
1-Nov-16,17
1-Dec-16,16.6
1-Jan-17,8.9
1-Feb-17,2.1
1-Mar-17,0
1-Apr-17,2.8
1-May-17,9.5
1-Jun-17,0
1-Jul-17,0.1
1-Aug-17,0.1
1-Sep-17,0.3
1-Oct-17,2.4
1-Nov-17,18.5
1-Dec-17,24.3
1-Jan-18,8.9
1-Feb-18,2.1
1-Mar-18,10.4
1-Apr-18,0
1-May-18,11
1-Jun-18,0
1-Jul-18,0.1
1-Aug-18,0.2
1-Sep-18,0.3
1-Oct-18,3.7
1-Nov-18,35.5
1-Dec-18,10.7
1-Jan-19,17.9
1-Feb-19,3.3
1-Mar-19,0
1-Apr-19,0.2
1-May-19,3.2
1-Jun-19,0
1-Jul-19,0.1
1-Aug-19,0.2
1-Sep-19,0.3
1-Oct-19,4.4
1-Nov-19,24.7
1-Dec-19,9.1
1-Jan-20,8.9
1-Feb-20,2.1
1-Mar-20,27.9
1-Apr-20,0
1-May-20,4.9
1-Jun-20,0
1-Jul-20,0.1
1-Aug-20,0.2
1-Sep-20,0.3
1-Oct-20,3.1
1-Nov-20,22.9
1-Dec-20,15.2
1-Jan-21,11.3
1-Feb-21,2.5
1-Mar-21,0
1-Apr-21,0
1-May-21,3.7
1-Jun-21,0
1-Jul-21,0.1
1-Aug-21,0.1
1-Sep-21,0.3
1-Oct-21,2.4
1-Nov-21,14.2
1-Dec-21,24.8
